<?xml version="1.0" encoding="UTF-8"?>
<!DOCTYPE mapper PUBLIC "-//mybatis.org//DTD Mapper 3.0//EN" "http://mybatis.org/dtd/mybatis-3-mapper.dtd" >
<mapper namespace="com.example.authserver.dao.ClientDao">
	<parameterMap id="ClientEntityExt" type="com.example.authserver.entity.ext.ClientEntityExt"></parameterMap>
    <resultMap type="com.example.authserver.entity.ext.ClientEntityExt" id="ClientEntityExt"></resultMap>

	<select id="selectlist" resultMap="ClientEntityExt">
			select

				d.CLIENT_ID as  clientId,
				d.RESOURCE_IDS as resourceIds,

				d.SCOPE as scope,
				d.AUTHORIZED_GRANT_TYPES as authorizedGrantTypes,
				d.WEB_SERVER_REDIRECT_URI as registeredRedirectUris,
				d.AUTHORITIES as   authorities,

				d.ACCESS_TOKEN_VALIDITY as  accessTokenValidity,
				d.REFRESH_TOKEN_VALIDITY  as  refreshTokenValidity,

				d.ADDITIONAL_INFORMATION as additionalInformation,

				d.AUTOAPPROVE as autoApprove,
				o.CLIENT_NAME as clientName
			from OAUTH_CLIENT_DETAILS d join O_CLIENT_INFO o
			on d.CLIENT_ID = o.CLIENT_ID


	</select>

<update id="updatebyclientid" parameterMap="ClientEntityExt">
	update OAUTH_CLIENT_DETAILS set
	 	RESOURCE_IDS =#{resourceIds},
	 	WEB_SERVER_REDIRECT_URI =#{registeredRedirectUris}
	where CLIENT_ID = #{clientId}

</update>

	<update id="updateinfobyclientid" parameterMap="ClientEntityExt">
			update  O_CLIENT_INFO set
			CLIENT_NAME   =#{clientName}
			where CLIENT_ID = #{clientId}
	</update>

	<delete id="deletein" parameterMap="ClientEntityExt">
			delete  from  OAUTH_CLIENT_DETAILS where  CLIENT_ID in

		<foreach collection="clientIds" index="index" item="list" open="(" separator="," close=")">
		#{list}
		</foreach>

	</delete>
	<delete id="deleteinfoin" parameterMap="ClientEntityExt">
			delete  from  O_CLIENT_INFO where  CLIENT_ID in

		<foreach collection="clientIds" index="index" item="list" open="(" separator="," close=")">
		#{list}
		</foreach>

	</delete>
</mapper>